,perimeter,points,ucs3bi,ucs3mono,ucs3tri
0,0.607318413053713,"[<search.State instance at 0x98e17a0>, <search.State instance at 0x98e1758>, <search.State instance at 0x98e1710>]",535,489,544
1,0.7604487999287505,"[<search.State instance at 0x83f3c20>, <search.State instance at 0x83f3fc8>, <search.State instance at 0x83f37a0>]",451,838,544
2,0.7759747269276245,"[<search.State instance at 0x867ee60>, <search.State instance at 0x867e710>, <search.State instance at 0x867e1b8>]",408,528,424
3,0.3014277414403359,"[<search.State instance at 0x8e036c8>, <search.State instance at 0x8e03998>, <search.State instance at 0x8e033b0>]",168,185,89
4,0.7758975549790346,"[<search.State instance at 0x83237e8>, <search.State instance at 0x83239e0>, <search.State instance at 0x8323e18>]",473,548,183
5,0.6352629607086766,"[<search.State instance at 0x98e12d8>, <search.State instance at 0x98e11b8>, <search.State instance at 0x98e1ab8>]",34,64,40
6,0.8833607761799792,"[<search.State instance at 0x89d42d8>, <search.State instance at 0x89d4908>, <search.State instance at 0x89d4248>]",239,219,322
7,0.520389670818789,"[<search.State instance at 0x8e03950>, <search.State instance at 0x8e030e0>, <search.State instance at 0x8e03e18>]",138,225,144
8,0.9388203448031645,"[<search.State instance at 0x98ff878>, <search.State instance at 0x98ffb48>, <search.State instance at 0x98fff80>]",1005,1334,601
9,0.8840480908433088,"[<search.State instance at 0x2d956c8>, <search.State instance at 0x2d957a0>, <search.State instance at 0x2d95d88>]",835,1460,732
10,0.8414260180417966,"[<search.State instance at 0x98ff5a8>, <search.State instance at 0x98ffb90>, <search.State instance at 0x98fffc8>]",670,1216,568
11,0.9094535871323299,"[<search.State instance at 0x98e13b0>, <search.State instance at 0x98e14d0>, <search.State instance at 0x98e1050>]",386,920,396
12,0.7585065755030325,"[<search.State instance at 0x2d99368>, <search.State instance at 0x2d99950>, <search.State instance at 0x2d99fc8>]",567,790,367
13,0.6235067498135729,"[<search.State instance at 0x2d99ef0>, <search.State instance at 0x2d99b90>, <search.State instance at 0x2d99758>]",940,495,367
14,0.9934113801675416,"[<search.State instance at 0x2d8f5f0>, <search.State instance at 0x2d8f2d8>, <search.State instance at 0x2d8fb90>]",715,1718,753
15,0.8980889912128833,"[<search.State instance at 0x98ffd40>, <search.State instance at 0x98ffef0>, <search.State instance at 0x98ff908>]",372,1064,475
16,0.7089047197006327,"[<search.State instance at 0x2d99560>, <search.State instance at 0x2d99c68>, <search.State instance at 0x2d99830>]",361,422,268
17,0.6610075760985019,"[<search.State instance at 0x2d997e8>, <search.State instance at 0x2d998c0>, <search.State instance at 0x2d99320>]",436,723,316
18,0.994090400055576,"[<search.State instance at 0x2d99440>, <search.State instance at 0x2d99b48>, <search.State instance at 0x2d99128>]",1317,811,500
19,0.870177402115309,"[<search.State instance at 0x2d7c5a8>, <search.State instance at 0x2d7cd40>, <search.State instance at 0x2d7cf38>]",668,1267,873
20,0.8581745513940486,"[<search.State instance at 0x2d95998>, <search.State instance at 0x2d95170>, <search.State instance at 0x2d95ab8>]",1166,908,581
21,0.7205608182828016,"[<search.State instance at 0x98ffea8>, <search.State instance at 0x98fff38>, <search.State instance at 0x98ffbd8>]",506,1055,449
22,0.8321573656974252,"[<search.State instance at 0x83f3d40>, <search.State instance at 0x83f3ea8>, <search.State instance at 0x8c89b00>]",1383,2201,597
23,0.6134409424059446,"[<search.State instance at 0x2d955f0>, <search.State instance at 0x2d95560>, <search.State instance at 0x2d95908>]",238,236,251
24,0.43652877144105917,"[<search.State instance at 0x2d8fd88>, <search.State instance at 0x2d8ff38>, <search.State instance at 0x2d8fc68>]",240,164,179
25,0.812297810311112,"[<search.State instance at 0x2d994d0>, <search.State instance at 0x2d99d88>, <search.State instance at 0x2d99e18>]",343,457,235
26,0.7316704303856882,"[<search.State instance at 0x83f37e8>, <search.State instance at 0x83f35a8>, <search.State instance at 0x83f3710>]",1372,1419,687
27,0.7850138228864858,"[<search.State instance at 0x2da3f38>, <search.State instance at 0x2da3680>, <search.State instance at 0x2da3320>]",1055,1091,625
28,0.8978502559087296,"[<search.State instance at 0x2d90710>, <search.State instance at 0x2d90c20>, <search.State instance at 0x2d90758>]",447,919,584
29,0.6273754205854756,"[<search.State instance at 0x86ea908>, <search.State instance at 0x86eaef0>, <search.State instance at 0x86eabd8>]",197,691,197
30,0.7892564176619536,"[<search.State instance at 0x2da31b8>, <search.State instance at 0x2da3b48>, <search.State instance at 0x2da3d88>]",196,811,200
31,0.48037273801711355,"[<search.State instance at 0x87ddea8>, <search.State instance at 0x87dd878>, <search.State instance at 0x87ddb90>]",399,534,431
32,0.9605062238149505,"[<search.State instance at 0x89d4128>, <search.State instance at 0x89d4ef0>, <search.State instance at 0x89d4c68>]",849,2111,892
33,0.8353860335625842,"[<search.State instance at 0x2d95368>, <search.State instance at 0x2d95710>, <search.State instance at 0x2d95fc8>]",720,983,361
34,0.8901045279003803,"[<search.State instance at 0x98e1128>, <search.State instance at 0x98e1200>, <search.State instance at 0x98e1248>]",825,1154,561
35,0.9811194967743129,"[<search.State instance at 0x98ff9e0>, <search.State instance at 0x98ffc68>, <search.State instance at 0x98ffa28>]",656,1125,328
36,0.7050289041517633,"[<search.State instance at 0x2d91560>, <search.State instance at 0x2d91710>, <search.State instance at 0x2d917a0>]",294,404,213
37,0.9708748469967334,"[<search.State instance at 0x86eae60>, <search.State instance at 0x86ea560>, <search.State instance at 0x86ea170>]",1330,817,530
38,0.7440700396121135,"[<search.State instance at 0x2d90290>, <search.State instance at 0x2d90f38>, <search.State instance at 0x2d90878>]",499,467,387
39,0.6349677460997298,"[<search.State instance at 0x2da3248>, <search.State instance at 0x2da3488>, <search.State instance at 0x2da30e0>]",656,848,327
40,0.7022890028718334,"[<search.State instance at 0x2da3758>, <search.State instance at 0x2da33b0>, <search.State instance at 0x2da3a28>]",376,396,192
41,0.740479576559605,"[<search.State instance at 0x83237a0>, <search.State instance at 0x8323a28>, <search.State instance at 0x8323908>]",951,1042,447
42,0.6316063833358456,"[<search.State instance at 0x85e0fc8>, <search.State instance at 0x85e0560>, <search.State instance at 0x85e0c68>]",257,306,166
43,0.9465193000310792,"[<search.State instance at 0x8bf37e8>, <search.State instance at 0x87aa7a0>, <search.State instance at 0x87aaf80>]",736,840,509
44,0.7230974948512066,"[<search.State instance at 0x8dd9c20>, <search.State instance at 0x8dd95a8>, <search.State instance at 0x8dd9d88>]",397,661,413
45,0.9872788328716059,"[<search.State instance at 0x868bab8>, <search.State instance at 0x868bbd8>, <search.State instance at 0x868bb90>]",557,628,194
46,0.824855407286032,"[<search.State instance at 0x868b368>, <search.State instance at 0x868b680>, <search.State instance at 0x868b440>]",701,1000,507
47,0.9504974099194635,"[<search.State instance at 0x86fa830>, <search.State instance at 0x86fafc8>, <search.State instance at 0x86fa4d0>]",641,823,566
48,0.6036460695838679,"[<search.State instance at 0x868bcf8>, <search.State instance at 0x868b830>, <search.State instance at 0x868b128>]",108,195,115
49,0.7454561526784025,"[<search.State instance at 0x88dbc20>, <search.State instance at 0x88db128>, <search.State instance at 0x88dbea8>]",670,1122,722
50,0.9860063534314464,"[<search.State instance at 0x8ad1d88>, <search.State instance at 0x8ad1ea8>, <search.State instance at 0x8ad1c68>]",493,731,344
51,0.7903283229083091,"[<search.State instance at 0x8962c20>, <search.State instance at 0x8962b90>, <search.State instance at 0x8962908>]",449,699,369
52,0.43499902493559206,"[<search.State instance at 0x8d76998>, <search.State instance at 0x8d76b00>, <search.State instance at 0x4801d88>]",184,219,137
53,0.8894276145531276,"[<search.State instance at 0x88bb128>, <search.State instance at 0x88bbef0>, <search.State instance at 0x88bb2d8>]",520,671,562
54,0.701501286163404,"[<search.State instance at 0x4ffaa28>, <search.State instance at 0x4ffa098>, <search.State instance at 0x868b098>]",858,1098,868
55,0.7639832474581262,"[<search.State instance at 0x4b20320>, <search.State instance at 0x4b20290>, <search.State instance at 0x4b20c20>]",169,646,197
56,0.7112147200711235,"[<search.State instance at 0x8914758>, <search.State instance at 0x8914ab8>, <search.State instance at 0x88bbb90>]",508,1120,499
57,0.7439340486730619,"[<search.State instance at 0x8d46200>, <search.State instance at 0x8d46488>, <search.State instance at 0x8d46d40>]",932,1112,469
58,0.6172376117801874,"[<search.State instance at 0x8d76950>, <search.State instance at 0x8d76560>, <search.State instance at 0x873cb48>]",521,653,526
59,0.7947505164854602,"[<search.State instance at 0x4fc99e0>, <search.State instance at 0x4fc9950>, <search.State instance at 0x84f5c20>]",795,1048,574
60,0.5665526977788999,"[<search.State instance at 0x845f3b0>, <search.State instance at 0x845ff38>, <search.State instance at 0x845f1b8>]",577,356,238
61,0.9703675052396138,"[<search.State instance at 0x847c1b8>, <search.State instance at 0x847c248>, <search.State instance at 0x847ce60>]",629,1661,680
62,0.9604833614921371,"[<search.State instance at 0x8ad1b48>, <search.State instance at 0x8ad1758>, <search.State instance at 0x8ad1170>]",663,844,457
63,0.7155679584042711,"[<search.State instance at 0x86fae18>, <search.State instance at 0x86fab48>, <search.State instance at 0x8d76128>]",463,943,566
64,0.9803802890393467,"[<search.State instance at 0x8ad11b8>, <search.State instance at 0x8ad1e18>, <search.State instance at 0x8ad1830>]",457,569,268
65,0.8030702960784813,"[<search.State instance at 0x8a84908>, <search.State instance at 0x8a84200>, <search.State instance at 0x8a84a70>]",493,762,547
66,0.5021162606208087,"[<search.State instance at 0x49ad488>, <search.State instance at 0x49ad440>, <search.State instance at 0x49ad7e8>]",241,324,241
67,0.45523212556487913,"[<search.State instance at 0x868bb48>, <search.State instance at 0x868bcb0>, <search.State instance at 0x868b908>]",360,408,205
68,0.8983873405123954,"[<search.State instance at 0x8a84d88>, <search.State instance at 0x8a84e60>, <search.State instance at 0x8a84368>]",1286,946,442
69,0.6287621742306669,"[<search.State instance at 0x4ebdea8>, <search.State instance at 0x4ebd128>, <search.State instance at 0x4ebd368>]",1586,620,706
70,0.8525464727583276,"[<search.State instance at 0x873cf38>, <search.State instance at 0x8909680>, <search.State instance at 0x8909128>]",791,1098,544
71,0.7718713776418945,"[<search.State instance at 0x8673998>, <search.State instance at 0x8673ab8>, <search.State instance at 0x86734d0>]",506,447,264
72,0.5998745399963162,"[<search.State instance at 0x4d09098>, <search.State instance at 0x4d09cb0>, <search.State instance at 0x4d09320>]",350,773,524
73,0.7022694972904016,"[<search.State instance at 0x8bf33f8>, <search.State instance at 0x8bf3b48>, <search.State instance at 0x8bf3fc8>]",513,1173,389
74,0.9706062982734145,"[<search.State instance at 0x4ebd680>, <search.State instance at 0x4ebd488>, <search.State instance at 0x4ebda28>]",1404,1809,767
75,0.8790752936670738,"[<search.State instance at 0x4c68c68>, <search.State instance at 0x4c689e0>, <search.State instance at 0x4c68cb0>]",667,613,546
76,0.817778108634343,"[<search.State instance at 0x845f098>, <search.State instance at 0x845fc68>, <search.State instance at 0x845f998>]",362,947,353
77,0.8235504091510888,"[<search.State instance at 0x86faf38>, <search.State instance at 0x86fa7a0>, <search.State instance at 0x86fa440>]",679,816,320
78,0.8188708952548864,"[<search.State instance at 0x4792a28>, <search.State instance at 0x4792a70>, <search.State instance at 0x87dd758>]",1796,1598,905
79,0.7324008120718078,"[<search.State instance at 0x833b3b0>, <search.State instance at 0x833b638>, <search.State instance at 0x833b908>]",476,1118,488
80,0.4539774255407461,"[<search.State instance at 0x8ecb8c0>, <search.State instance at 0x8ecb290>, <search.State instance at 0x8ecbb90>]",203,326,181
81,0.889959528895357,"[<search.State instance at 0x88bb3b0>, <search.State instance at 0x88bb518>, <search.State instance at 0x88bb488>]",249,355,115
82,0.740975851681727,"[<search.State instance at 0x8ecb200>, <search.State instance at 0x8ecb6c8>, <search.State instance at 0x8ecb830>]",85,182,90
83,0.8549183669702045,"[<search.State instance at 0x98ff518>, <search.State instance at 0x98ff950>, <search.State instance at 0x8ecbf80>]",265,265,128
84,0.7561047329437882,"[<search.State instance at 0x4b7ee60>, <search.State instance at 0x4b7e7e8>, <search.State instance at 0x4b7e830>]",891,1368,507
85,0.5749491607794884,"[<search.State instance at 0x4801c68>, <search.State instance at 0x4801368>, <search.State instance at 0x4d09b90>]",193,203,150
86,0.6000767552827677,"[<search.State instance at 0x4fc9a28>, <search.State instance at 0x4fc9d88>, <search.State instance at 0x4fc9128>]",264,328,156
87,0.9143041202995409,"[<search.State instance at 0x4b20878>, <search.State instance at 0x4b20d40>, <search.State instance at 0x4b20b00>]",509,1059,520
88,0.6787733540816062,"[<search.State instance at 0x84f5680>, <search.State instance at 0x84f5ea8>, <search.State instance at 0x84f5cb0>]",616,967,645
89,0.9964970980068585,"[<search.State instance at 0x88c5f80>, <search.State instance at 0x88c5ea8>, <search.State instance at 0x88c5440>]",1701,1792,830
90,0.4889020254009403,"[<search.State instance at 0x49ad050>, <search.State instance at 0x49ad878>, <search.State instance at 0x49ade18>]",452,494,239
91,0.7811114765816545,"[<search.State instance at 0x86fa560>, <search.State instance at 0x86faab8>, <search.State instance at 0x86fa5f0>]",422,642,257
92,0.7743066669215204,"[<search.State instance at 0x8b348c0>, <search.State instance at 0x8b347e8>, <search.State instance at 0x8b34488>]",865,916,342
93,0.7095076394018462,"[<search.State instance at 0x8ecb5a8>, <search.State instance at 0x8ecbb00>, <search.State instance at 0x8ecbdd0>]",686,566,228
94,0.9464344463667635,"[<search.State instance at 0x4ffa998>, <search.State instance at 0x4b20368>, <search.State instance at 0x4b204d0>]",405,305,466
95,0.6388309554515244,"[<search.State instance at 0x4ffa6c8>, <search.State instance at 0x4ffa7a0>, <search.State instance at 0x4ffa518>]",525,738,207
96,0.6451719536259964,"[<search.State instance at 0x8962518>, <search.State instance at 0x8962c68>, <search.State instance at 0x89625f0>]",280,329,234
97,0.8824209255000989,"[<search.State instance at 0x833b680>, <search.State instance at 0x833b200>, <search.State instance at 0x833bb90>]",374,1168,374
98,0.959961422194195,"[<search.State instance at 0x8962560>, <search.State instance at 0x8962710>, <search.State instance at 0x88cfcb0>]",1543,2013,768
99,0.9255275065144594,"[<search.State instance at 0x4b7e758>, <search.State instance at 0x4b7e368>, <search.State instance at 0x4b7e3f8>]",747,922,476
